,area,year,pop_estimate
0,United States,1991,252980941
1,Alabama,1991,4099156
2,Alaska,1991,570193
3,Arizona,1991,3788576
4,Arkansas,1991,2383144
5,California,1991,30470736
6,Colorado,1991,3387119
7,Connecticut,1991,3302895
8,Delaware,1991,683080
9,District of Columbia,1991,600870
10,Florida,1991,13369798
11,Georgia,1991,6653005
12,Hawaii,1991,1136754
13,Idaho,1991,1041316
14,Illinois,1991,11568964
15,Indiana,1991,5616388
16,Iowa,1991,2797613
17,Kansas,1991,2498722
18,Kentucky,1991,3722328
19,Louisiana,1991,4253279
20,Maine,1991,1237081
21,Maryland,1991,4867641
22,Massachusetts,1991,6018470
23,Michigan,1991,9400446
24,Minnesota,1991,4440859
25,Mississippi,1991,2598733
26,Missouri,1991,5170800
27,Montana,1991,809680
28,Nebraska,1991,1595919
29,Nevada,1991,1296171
30,New Hampshire,1991,1109929
31,New Jersey,1991,7814676
32,New Mexico,1991,1555305
33,New York,1991,18122510
34,North Carolina,1991,6784280
35,North Dakota,1991,635753
36,Ohio,1991,10945762
37,Oklahoma,1991,3175440
38,Oregon,1991,2928507
39,Pennsylvania,1991,11982164
40,Rhode Island,1991,1010649
41,South Carolina,1991,3570404
42,South Dakota,1991,703669
43,Tennessee,1991,4966587
44,Texas,1991,17398005
45,Utah,1991,1779780
46,Vermont,1991,568606
47,Virginia,1991,6301217
48,Washington,1991,5025624
49,West Virginia,1991,1798735
50,Wisconsin,1991,4964343
51,Wyoming,1991,459260
52,United States,1992,256514224
53,Alabama,1992,4154014
54,Alaska,1992,588736
55,Arizona,1992,3915740
56,Arkansas,1992,2415984
57,California,1992,30974659
58,Colorado,1992,3495939
59,Connecticut,1992,3300712
60,Delaware,1992,694925
61,District of Columbia,1992,597565
62,Florida,1992,13650553
63,Georgia,1992,6817203
64,Hawaii,1992,1158613
65,Idaho,1992,1071685
66,Illinois,1992,11694184
67,Indiana,1992,5674547
68,Iowa,1992,2818401
69,Kansas,1992,2532394
70,Kentucky,1992,3765469
71,Louisiana,1992,4293003
72,Maine,1992,1238508
73,Maryland,1992,4923368
74,Massachusetts,1992,6028709
75,Michigan,1992,9479065
76,Minnesota,1992,4495572
77,Mississippi,1992,2623734
78,Missouri,1992,5217101
79,Montana,1992,825770
80,Nebraska,1992,1611687
81,Nevada,1992,1351367
82,New Hampshire,1992,1117784
83,New Jersey,1992,7880508
84,New Mexico,1992,1595442
85,New York,1992,18246653
86,North Carolina,1992,6897214
87,North Dakota,1992,638223
88,Ohio,1992,11029431
89,Oklahoma,1992,3220517
90,Oregon,1992,2991755
91,Pennsylvania,1992,12049450
92,Rhode Island,1992,1012581
93,South Carolina,1992,3620464
94,South Dakota,1992,712801
95,Tennessee,1992,5049742
96,Texas,1992,17759738
97,Utah,1992,1836799
98,Vermont,1992,572751
99,Virginia,1992,6414307
100,Washington,1992,5160757
101,West Virginia,1992,1806451
102,Wisconsin,1992,5025398
103,Wyoming,1992,466251
104,United States,1993,252980941
105,Alabama,1993,4099156
106,Alaska,1993,570193
107,Arizona,1993,3788576
108,Arkansas,1993,2383144
109,California,1993,30470736
110,Colorado,1993,3387119
111,Connecticut,1993,3302895
112,Delaware,1993,683080
113,District of Columbia,1993,600870
114,Florida,1993,13369798
115,Georgia,1993,6653005
116,Hawaii,1993,1136754
117,Idaho,1993,1041316
118,Illinois,1993,11568964
119,Indiana,1993,5616388
120,Iowa,1993,2797613
121,Kansas,1993,2498722
122,Kentucky,1993,3722328
123,Louisiana,1993,4253279
124,Maine,1993,1237081
125,Maryland,1993,4867641
126,Massachusetts,1993,6018470
127,Michigan,1993,9400446
128,Minnesota,1993,4440859
129,Mississippi,1993,2598733
130,Missouri,1993,5170800
131,Montana,1993,809680
132,Nebraska,1993,1595919
133,Nevada,1993,1296171
134,New Hampshire,1993,1109929
135,New Jersey,1993,7814676
136,New Mexico,1993,1555305
137,New York,1993,18122510
138,North Carolina,1993,6784280
139,North Dakota,1993,635753
140,Ohio,1993,10945762
141,Oklahoma,1993,3175440
142,Oregon,1993,2928507
143,Pennsylvania,1993,11982164
144,Rhode Island,1993,1010649
145,South Carolina,1993,3570404
146,South Dakota,1993,703669
147,Tennessee,1993,4966587
148,Texas,1993,17398005
149,Utah,1993,1779780
150,Vermont,1993,568606
151,Virginia,1993,6301217
152,Washington,1993,5025624
153,West Virginia,1993,1798735
154,Wisconsin,1993,4964343
155,Wyoming,1993,459260
156,United States,1994,263125821
157,Alabama,1994,4260229
158,Alaska,1994,603308
159,Arizona,1994,4245089
160,Arkansas,1994,2494019
161,California,1994,31484435
162,Colorado,1994,3724168
163,Connecticut,1994,3316121
164,Delaware,1994,717545
165,District of Columbia,1994,589239
166,Florida,1994,14239444
167,Georgia,1994,7157165
168,Hawaii,1994,1187536
169,Idaho,1994,1145140
170,Illinois,1994,11912585
171,Indiana,1994,5793526
172,Iowa,1994,2850746
173,Kansas,1994,2580513
174,Kentucky,1994,3849088
175,Louisiana,1994,4347481
176,Maine,1994,1242662
177,Maryland,1994,5023060
178,Massachusetts,1994,6095241
179,Michigan,1994,9597737
180,Minnesota,1994,4610355
181,Mississippi,1994,2688992
182,Missouri,1994,5324497
183,Montana,1994,861306
184,Nebraska,1994,1639041
185,Nevada,1994,1499298
186,New Hampshire,1994,1142560
187,New Jersey,1994,8014306
188,New Mexico,1994,1682398
189,New York,1994,18459470
190,North Carolina,1994,7187398
191,North Dakota,1994,644804
192,Ohio,1994,11152454
193,Oklahoma,1994,3280940
194,Oregon,1994,3121264
195,Pennsylvania,1994,12166050
196,Rhode Island,1994,1015960
197,South Carolina,1994,3705397
198,South Dakota,1994,730790
199,Tennessee,1994,5231438
200,Texas,1994,18564062
201,Utah,1994,1960446
202,Vermont,1994,583836
203,Virginia,1994,6593139
204,Washington,1994,5375161
205,West Virginia,1994,1820421
206,Wisconsin,1994,5133678
207,Wyoming,1994,480283
208,United States,1995,266278393
209,Alabama,1995,4296800
210,Alaska,1995,604412
211,Arizona,1995,4432499
212,Arkansas,1995,2535399
213,California,1995,31696582
214,Colorado,1995,3826653
215,Connecticut,1995,3324144
216,Delaware,1995,729734
217,District of Columbia,1995,580517
218,Florida,1995,14537875
219,Georgia,1995,7328413
220,Hawaii,1995,1196854
221,Idaho,1995,1177322
222,Illinois,1995,12008437
223,Indiana,1995,5851459
224,Iowa,1995,2867373
225,Kansas,1995,2601007
226,Kentucky,1995,3887427
227,Louisiana,1995,4378779
228,Maine,1995,1243480
229,Maryland,1995,5070033
230,Massachusetts,1995,6141445
231,Michigan,1995,9676211
232,Minnesota,1995,4660180
233,Mississippi,1995,2722659
234,Missouri,1995,5378247
235,Montana,1995,876553
236,Nebraska,1995,1656992
237,Nevada,1995,1581578
238,New Hampshire,1995,1157561
239,New Jersey,1995,8083242
240,New Mexico,1995,1720394
241,New York,1995,18524104
242,North Carolina,1995,7344674
243,North Dakota,1995,647832
244,Ohio,1995,11202751
245,Oklahoma,1995,3308208
246,Oregon,1995,3184369
247,Pennsylvania,1995,12198403
248,Rhode Island,1995,1017002
249,South Carolina,1995,3748582
250,South Dakota,1995,737925
251,Tennessee,1995,5326936
252,Texas,1995,18958751
253,Utah,1995,2014177
254,Vermont,1995,589002
255,Virginia,1995,6670693
256,Washington,1995,5481027
257,West Virginia,1995,1823700
258,Wisconsin,1995,5184836
259,Wyoming,1995,485160
260,United States,1996,269394284
261,Alabama,1996,4331102
262,Alaska,1996,608569
263,Arizona,1996,4586940
264,Arkansas,1996,2572109
265,California,1996,32018834
266,Colorado,1996,3919972
267,Connecticut,1996,3336685
268,Delaware,1996,740977
269,District of Columbia,1996,572377
270,Florida,1996,14853360
271,Georgia,1996,7501069
272,Hawaii,1996,1203755
273,Idaho,1996,1203083
274,Illinois,1996,12101997
275,Indiana,1996,5906013
276,Iowa,1996,2880000
277,Kansas,1996,2614554
278,Kentucky,1996,3919535
279,Louisiana,1996,4398877
280,Maine,1996,1249060
281,Maryland,1996,5111986
282,Massachusetts,1996,6179756
283,Michigan,1996,9758645
284,Minnesota,1996,4712827
285,Mississippi,1996,2748085
286,Missouri,1996,5431553
287,Montana,1996,886254
288,Nebraska,1996,1673740
289,Nevada,1996,1666320
290,New Hampshire,1996,1174719
291,New Jersey,1996,8149596
292,New Mexico,1996,1752326
293,New York,1996,18588460
294,North Carolina,1996,7500670
295,North Dakota,1996,650382
296,Ohio,1996,11242827
297,Oklahoma,1996,3340129
298,Oregon,1996,3247111
299,Pennsylvania,1996,12220464
300,Rhode Island,1996,1020893
301,South Carolina,1996,3796200
302,South Dakota,1996,742213
303,Tennessee,1996,5416643
304,Texas,1996,19340342
305,Utah,1996,2067976
306,Vermont,1996,593701
307,Virginia,1996,6750884
308,Washington,1996,5569753
309,West Virginia,1996,1822808
310,Wisconsin,1996,5229986
311,Wyoming,1996,488167
312,United States,1997,272646925
313,Alabama,1997,4367935
314,Alaska,1997,612968
315,Arizona,1997,4736990
316,Arkansas,1997,2601090
317,California,1997,32486010
318,Colorado,1997,4018293
319,Connecticut,1997,3349348
320,Delaware,1997,751487
321,District of Columbia,1997,567736
322,Florida,1997,15186304
323,Georgia,1997,7685099
324,Hawaii,1997,1211640
325,Idaho,1997,1228520
326,Illinois,1997,12185715
327,Indiana,1997,5955267
328,Iowa,1997,2891119
329,Kansas,1997,2635292
330,Kentucky,1997,3952747
331,Louisiana,1997,4421071
332,Maine,1997,1254774
333,Maryland,1997,5157328
334,Massachusetts,1997,6226058
335,Michigan,1997,9809051
336,Minnesota,1997,4763390
337,Mississippi,1997,2777004
338,Missouri,1997,5481193
339,Montana,1997,889865
340,Nebraska,1997,1686418
341,Nevada,1997,1764104
342,New Hampshire,1997,1189425
343,New Jersey,1997,8218808
344,New Mexico,1997,1774839
345,New York,1997,18656546
346,North Carolina,1997,7656825
347,North Dakota,1997,649716
348,Ohio,1997,11277357
349,Oklahoma,1997,3372917
350,Oregon,1997,3304310
351,Pennsylvania,1997,12227814
352,Rhode Island,1997,1025353
353,South Carolina,1997,3859696
354,South Dakota,1997,744223
355,Tennessee,1997,5499233
356,Texas,1997,19740317
357,Utah,1997,2119784
358,Vermont,1997,597239
359,Virginia,1997,6829183
360,Washington,1997,5674747
361,West Virginia,1997,1819113
362,Wisconsin,1997,5266213
363,Wyoming,1997,489451
364,United States,1998,275854104
365,Alabama,1998,4404701
366,Alaska,1998,619932
367,Arizona,1998,4883342
368,Arkansas,1998,2626289
369,California,1998,32987675
370,Colorado,1998,4116639
371,Connecticut,1998,3365352
372,Delaware,1998,763335
373,District of Columbia,1998,565230
374,Florida,1998,15486559
375,Georgia,1998,7863536
376,Hawaii,1998,1215233
377,Idaho,1998,1252330
378,Illinois,1998,12271847
379,Indiana,1998,5998880
380,Iowa,1998,2902872
381,Kansas,1998,2660598
382,Kentucky,1998,3985390
383,Louisiana,1998,4440344
384,Maine,1998,1259127
385,Maryland,1998,5204464
386,Massachusetts,1998,6271838
387,Michigan,1998,9847942
388,Minnesota,1998,4813412
389,Mississippi,1998,2804834
390,Missouri,1998,5521765
391,Montana,1998,892431
392,Nebraska,1998,1695816
393,Nevada,1998,1853191
394,New Hampshire,1998,1205940
395,New Jersey,1998,8287418
396,New Mexico,1998,1793484
397,New York,1998,18755906
398,North Carolina,1998,7809121
399,North Dakota,1998,647532
400,Ohio,1998,11311536
401,Oklahoma,1998,3405194
402,Oregon,1998,3352449
403,Pennsylvania,1998,12245672
404,Rhode Island,1998,1031155
405,South Carolina,1998,3919235
406,South Dakota,1998,746058
407,Tennessee,1998,5570045
408,Texas,1998,20157531
409,Utah,1998,2165960
410,Vermont,1998,600416
411,Virginia,1998,6900918
412,Washington,1998,5769562
413,West Virginia,1998,1815609
414,Wisconsin,1998,5297672
415,Wyoming,1998,490787
416,United States,1999,279040168
417,Alabama,1999,4430141
418,Alaska,1999,624779
419,Arizona,1999,5023823
420,Arkansas,1999,2651860
421,California,1999,33499204
422,Colorado,1999,4226018
423,Connecticut,1999,3386401
424,Delaware,1999,774990
425,District of Columbia,1999,570213
426,Florida,1999,15759421
427,Georgia,1999,8045965
428,Hawaii,1999,1210300
429,Idaho,1999,1275674
430,Illinois,1999,12359020
431,Indiana,1999,6044969
432,Iowa,1999,2917634
433,Kansas,1999,2678338
434,Kentucky,1999,4018053
435,Louisiana,1999,4460811
436,Maine,1999,1266808
437,Maryland,1999,5254509
438,Massachusetts,1999,6317345
439,Michigan,1999,9897116
440,Minnesota,1999,4873481
441,Mississippi,1999,2828408
442,Missouri,1999,5561948
443,Montana,1999,897507
444,Nebraska,1999,1704764
445,Nevada,1999,1934718
446,New Hampshire,1999,1222014
447,New Jersey,1999,8359592
448,New Mexico,1999,1808082
449,New York,1999,18882725
450,North Carolina,1999,7949361
451,North Dakota,1999,644259
452,Ohio,1999,11335454
453,Oklahoma,1999,3437147
454,Oregon,1999,3393941
455,Pennsylvania,1999,12263805
456,Rhode Island,1999,1040402
457,South Carolina,1999,3974682
458,South Dakota,1999,750412
459,Tennessee,1999,5638706
460,Texas,1999,20558220
461,Utah,1999,2203482
462,Vermont,1999,604683
463,Virginia,1999,7000174
464,Washington,1999,5842564
465,West Virginia,1999,1811799
466,Wisconsin,1999,5332666
467,Wyoming,1999,491780
468,United States,2000,282162411
469,Alabama,2000,4452173
470,Alaska,2000,627963
471,Arizona,2000,5160586
472,Arkansas,2000,2678588
473,California,2000,33987977
474,Colorado,2000,4326921
475,Connecticut,2000,3411777
476,Delaware,2000,786373
477,District of Columbia,2000,572046
478,Florida,2000,16047515
479,Georgia,2000,8227303
480,Hawaii,2000,1213519
481,Idaho,2000,1299430
482,Illinois,2000,12434161
483,Indiana,2000,6091866
484,Iowa,2000,2929067
485,Kansas,2000,2693681
486,Kentucky,2000,4049021
487,Louisiana,2000,4471885
488,Maine,2000,1277072
489,Maryland,2000,5311034
490,Massachusetts,2000,6361104
491,Michigan,2000,9952450
492,Minnesota,2000,4933692
493,Mississippi,2000,2848353
494,Missouri,2000,5607285
495,Montana,2000,903773
496,Nebraska,2000,1713820
497,Nevada,2000,2018741
498,New Hampshire,2000,1239882
499,New Jersey,2000,8430621
500,New Mexico,2000,1821204
501,New York,2000,19001780
502,North Carolina,2000,8081614
503,North Dakota,2000,642023
504,Ohio,2000,11363543
505,Oklahoma,2000,3454365
506,Oregon,2000,3429708
507,Pennsylvania,2000,12284173
508,Rhode Island,2000,1050268
509,South Carolina,2000,4024223
510,South Dakota,2000,755844
511,Tennessee,2000,5703719
512,Texas,2000,20944499
513,Utah,2000,2244502
514,Vermont,2000,609618
515,Virginia,2000,7105817
516,Washington,2000,5910512
517,West Virginia,2000,1807021
518,Wisconsin,2000,5373999
519,Wyoming,2000,494300
520,United States,2001,284968955
521,Alabama,2001,4467634
522,Alaska,2001,633714
523,Arizona,2001,5273477
524,Arkansas,2001,2691571
525,California,2001,34479458
526,Colorado,2001,4425687
527,Connecticut,2001,3432835
528,Delaware,2001,795699
529,District of Columbia,2001,574504
530,Florida,2001,16356966
531,Georgia,2001,8377038
532,Hawaii,2001,1225948
533,Idaho,2001,1319962
534,Illinois,2001,12488445
535,Indiana,2001,6127760
536,Iowa,2001,2931997
537,Kansas,2001,2702162
538,Kentucky,2001,4068132
539,Louisiana,2001,4477875
540,Maine,2001,1285692
541,Maryland,2001,5374691
542,Massachusetts,2001,6397634
543,Michigan,2001,9991120
544,Minnesota,2001,4982796
545,Mississippi,2001,2852994
546,Missouri,2001,5641142
547,Montana,2001,906961
548,Nebraska,2001,1719836
549,Nevada,2001,2098399
550,New Hampshire,2001,1255517
551,New Jersey,2001,8492671
552,New Mexico,2001,1831690
553,New York,2001,19082838
554,North Carolina,2001,8210122
555,North Dakota,2001,639062
556,Ohio,2001,11387404
557,Oklahoma,2001,3467100
558,Oregon,2001,3467937
559,Pennsylvania,2001,12298970
560,Rhode Island,2001,1057142
561,South Carolina,2001,4064995
562,South Dakota,2001,757972
563,Tennessee,2001,5750789
564,Texas,2001,21319622
565,Utah,2001,2283715
566,Vermont,2001,612223
567,Virginia,2001,7198362
568,Washington,2001,5985722
569,West Virginia,2001,1801481
570,Wisconsin,2001,5406835
571,Wyoming,2001,494657
572,United States,2002,287625193
573,Alabama,2002,4480089
574,Alaska,2002,642337
575,Arizona,2002,5396255
576,Arkansas,2002,2705927
577,California,2002,34871843
578,Colorado,2002,4490406
579,Connecticut,2002,3458749
580,Delaware,2002,806169
581,District of Columbia,2002,573158
582,Florida,2002,16689370
583,Georgia,2002,8508256
584,Hawaii,2002,1239613
585,Idaho,2002,1340372
586,Illinois,2002,12525556
587,Indiana,2002,6155967
588,Iowa,2002,2934234
589,Kansas,2002,2713535
590,Kentucky,2002,4089875
591,Louisiana,2002,4497267
592,Maine,2002,1295960
593,Maryland,2002,5440389
594,Massachusetts,2002,6417206
595,Michigan,2002,10015710
596,Minnesota,2002,5018935
597,Mississippi,2002,2858681
598,Missouri,2002,5674825
599,Montana,2002,911667
600,Nebraska,2002,1728292
601,Nevada,2002,2173791
602,New Hampshire,2002,1269089
603,New Jersey,2002,8552643
604,New Mexico,2002,1855309
605,New York,2002,19137800
606,North Carolina,2002,8326201
607,North Dakota,2002,638168
608,Ohio,2002,11407889
609,Oklahoma,2002,3489080
610,Oregon,2002,3513424
611,Pennsylvania,2002,12331031
612,Rhode Island,2002,1065995
613,South Carolina,2002,4107795
614,South Dakota,2002,760020
615,Tennessee,2002,5795918
616,Texas,2002,21690325
617,Utah,2002,2324815
618,Vermont,2002,615442
619,Virginia,2002,7286873
620,Washington,2002,6052349
621,West Virginia,2002,1805414
622,Wisconsin,2002,5445162
623,Wyoming,2002,500017
624,United States,2003,290107933
625,Alabama,2003,4503491
626,Alaska,2003,648414
627,Arizona,2003,5510364
628,Arkansas,2003,2724816
629,California,2003,35253159
630,Colorado,2003,4528732
631,Connecticut,2003,3484336
632,Delaware,2003,818003
633,District of Columbia,2003,568502
634,Florida,2003,17004085
635,Georgia,2003,8622793
636,Hawaii,2003,1251154
637,Idaho,2003,1363380
638,Illinois,2003,12556006
639,Indiana,2003,6196638
640,Iowa,2003,2941999
641,Kansas,2003,2723004
642,Kentucky,2003,4117170
643,Louisiana,2003,4521042
644,Maine,2003,1306513
645,Maryland,2003,5496269
646,Massachusetts,2003,6422565
647,Michigan,2003,10041152
648,Minnesota,2003,5053572
649,Mississippi,2003,2868312
650,Missouri,2003,5709403
651,Montana,2003,919630
652,Nebraska,2003,1738643
653,Nevada,2003,2248850
654,New Hampshire,2003,1279840
655,New Jersey,2003,8601402
656,New Mexico,2003,1877574
657,New York,2003,19175939
658,North Carolina,2003,8422501
659,North Dakota,2003,638817
660,Ohio,2003,11434788
661,Oklahoma,2003,3504892
662,Oregon,2003,3547376
663,Pennsylvania,2003,12374658
664,Rhode Island,2003,1071342
665,South Carolina,2003,4150297
666,South Dakota,2003,763729
667,Tennessee,2003,5847812
668,Texas,2003,22030931
669,Utah,2003,2360137
670,Vermont,2003,617858
671,Virginia,2003,7366977
672,Washington,2003,6104115
673,West Virginia,2003,1812295
674,Wisconsin,2003,5479203
675,Wyoming,2003,503453
676,United States,2004,292805298
677,Alabama,2004,4530729
678,Alaska,2004,659286
679,Arizona,2004,5652404
680,Arkansas,2004,2749686
681,California,2004,35574576
682,Colorado,2004,4575013
683,Connecticut,2004,3496094
684,Delaware,2004,830803
685,District of Columbia,2004,567754
686,Florida,2004,17415318
687,Georgia,2004,8769252
688,Hawaii,2004,1273569
689,Idaho,2004,1391802
690,Illinois,2004,12589773
691,Indiana,2004,6233007
692,Iowa,2004,2953635
693,Kansas,2004,2734373
694,Kentucky,2004,4146101
695,Louisiana,2004,4552238
696,Maine,2004,1313688
697,Maryland,2004,5546935
698,Massachusetts,2004,6412281
699,Michigan,2004,10055315
700,Minnesota,2004,5087713
701,Mississippi,2004,2889010
702,Missouri,2004,5747741
703,Montana,2004,930009
704,Nebraska,2004,1749370
705,Nevada,2004,2346222
706,New Hampshire,2004,1290121
707,New Jersey,2004,8634561
708,New Mexico,2004,1903808
709,New York,2004,19171567
710,North Carolina,2004,8553152
711,North Dakota,2004,644705
712,Ohio,2004,11452251
713,Oklahoma,2004,3525233
714,Oregon,2004,3569463
715,Pennsylvania,2004,12410722
716,Rhode Island,2004,1074579
717,South Carolina,2004,4210921
718,South Dakota,2004,770396
719,Tennessee,2004,5910809
720,Texas,2004,22394023
721,Utah,2004,2401580
722,Vermont,2004,619920
723,Virginia,2004,7475575
724,Washington,2004,6178645
725,West Virginia,2004,1816438
726,Wisconsin,2004,5514026
727,Wyoming,2004,509106
728,United States,2005,295516599
729,Alabama,2005,4569805
730,Alaska,2005,666946
731,Arizona,2005,5839077
732,Arkansas,2005,2781097
733,California,2005,35827943
734,Colorado,2005,4631888
735,Connecticut,2005,3506956
736,Delaware,2005,845150
737,District of Columbia,2005,567136
738,Florida,2005,17842038
739,Georgia,2005,8925922
740,Hawaii,2005,1292729
741,Idaho,2005,1428241
742,Illinois,2005,12609903
743,Indiana,2005,6278616
744,Iowa,2005,2964454
745,Kansas,2005,2745299
746,Kentucky,2005,4182742
747,Louisiana,2005,4576628
748,Maine,2005,1318787
749,Maryland,2005,5592379
750,Massachusetts,2005,6403290
751,Michigan,2005,10051137
752,Minnesota,2005,5119598
753,Mississippi,2005,2905943
754,Missouri,2005,5790300
755,Montana,2005,940102
756,Nebraska,2005,1761497
757,Nevada,2005,2432143
758,New Hampshire,2005,1298492
759,New Jersey,2005,8651974
760,New Mexico,2005,1932274
761,New York,2005,19132610
762,North Carolina,2005,8705407
763,North Dakota,2005,646089
764,Ohio,2005,11463320
765,Oklahoma,2005,3548597
766,Oregon,2005,3613202
767,Pennsylvania,2005,12449990
768,Rhode Island,2005,1067916
769,South Carolina,2005,4270150
770,South Dakota,2005,775493
771,Tennessee,2005,5991057
772,Texas,2005,22778123
773,Utah,2005,2457719
774,Vermont,2005,621215
775,Virginia,2005,7577105
776,Washington,2005,6257305
777,West Virginia,2005,1820492
778,Wisconsin,2005,5546166
779,Wyoming,2005,514157
780,United States,2006,298379912
781,Alabama,2006,4628981
782,Alaska,2006,675302
783,Arizona,2006,6029141
784,Arkansas,2006,2821761
785,California,2006,36021202
786,Colorado,2006,4720423
787,Connecticut,2006,3517460
788,Delaware,2006,859268
789,District of Columbia,2006,570681
790,Florida,2006,18166990
791,Georgia,2006,9155813
792,Hawaii,2006,1309731
793,Idaho,2006,1468669
794,Illinois,2006,12643955
795,Indiana,2006,6332669
796,Iowa,2006,2982644
797,Kansas,2006,2762931
798,Kentucky,2006,4219239
799,Louisiana,2006,4302665
800,Maine,2006,1323619
801,Maryland,2006,5627367
802,Massachusetts,2006,6410084
803,Michigan,2006,10036081
804,Minnesota,2006,5163555
805,Mississippi,2006,2904978
806,Missouri,2006,5842704
807,Montana,2006,952692
808,Nebraska,2006,1772693
809,Nevada,2006,2522658
810,New Hampshire,2006,1308389
811,New Jersey,2006,8661679
812,New Mexico,2006,1962137
813,New York,2006,19104631
814,North Carolina,2006,8917270
815,North Dakota,2006,649422
816,Ohio,2006,11481213
817,Oklahoma,2006,3594090
818,Oregon,2006,3670883
819,Pennsylvania,2006,12510809
820,Rhode Island,2006,1063096
821,South Carolina,2006,4357847
822,South Dakota,2006,783033
823,Tennessee,2006,6088766
824,Texas,2006,23359580
825,Utah,2006,2525507
826,Vermont,2006,622892
827,Virginia,2006,7673725
828,Washington,2006,6370753
829,West Virginia,2006,1827912
830,Wisconsin,2006,5577655
831,Wyoming,2006,522667
832,United States,2007,301231207
833,Alabama,2007,4672840
834,Alaska,2007,680300
835,Arizona,2007,6167681
836,Arkansas,2007,2848650
837,California,2007,36250311
838,Colorado,2007,4803868
839,Connecticut,2007,3527270
840,Delaware,2007,871749
841,District of Columbia,2007,574404
842,Florida,2007,18367842
843,Georgia,2007,9349988
844,Hawaii,2007,1315675
845,Idaho,2007,1505105
846,Illinois,2007,12695866
847,Indiana,2007,6379599
848,Iowa,2007,2999212
849,Kansas,2007,2783785
850,Kentucky,2007,4256672
851,Louisiana,2007,4375581
852,Maine,2007,1327040
853,Maryland,2007,5653408
854,Massachusetts,2007,6431559
855,Michigan,2007,10001284
856,Minnesota,2007,5207203
857,Mississippi,2007,2928350
858,Missouri,2007,5887612
859,Montana,2007,964706
860,Nebraska,2007,1783440
861,Nevada,2007,2601072
862,New Hampshire,2007,1312540
863,New Jersey,2007,8677885
864,New Mexico,2007,1990070
865,New York,2007,19132335
866,North Carolina,2007,9118037
867,North Dakota,2007,652822
868,Ohio,2007,11500468
869,Oklahoma,2007,3634349
870,Oregon,2007,3722417
871,Pennsylvania,2007,12563937
872,Rhode Island,2007,1057315
873,South Carolina,2007,4444110
874,South Dakota,2007,791623
875,Tennessee,2007,6175727
876,Texas,2007,23831983
877,Utah,2007,2597746
878,Vermont,2007,623481
879,Virginia,2007,7751000
880,Washington,2007,6461587
881,West Virginia,2007,1834052
882,Wisconsin,2007,5610775
883,Wyoming,2007,534876
884,United States,2008,304093966
885,Alabama,2008,4718206
886,Alaska,2008,687455
887,Arizona,2008,6280362
888,Arkansas,2008,2874554
889,California,2008,36604337
890,Colorado,2008,4889730
891,Connecticut,2008,3545579
892,Delaware,2008,883874
893,District of Columbia,2008,580236
894,Florida,2008,18527305
895,Georgia,2008,9504843
896,Hawaii,2008,1332213
897,Idaho,2008,1534320
898,Illinois,2008,12747038
899,Indiana,2008,6424806
900,Iowa,2008,3016734
901,Kansas,2008,2808076
902,Kentucky,2008,4289878
903,Louisiana,2008,4435586
904,Maine,2008,1330509
905,Maryland,2008,5684965
906,Massachusetts,2008,6468967
907,Michigan,2008,9946889
908,Minnesota,2008,5247018
909,Mississippi,2008,2947806
910,Missouri,2008,5923916
911,Montana,2008,976415
912,Nebraska,2008,1796378
913,Nevada,2008,2653630
914,New Hampshire,2008,1315906
915,New Jersey,2008,8711090
916,New Mexico,2008,2010662
917,New York,2008,19212436
918,North Carolina,2008,9309449
919,North Dakota,2008,657569
920,Ohio,2008,11515391
921,Oklahoma,2008,3668976
922,Oregon,2008,3768748
923,Pennsylvania,2008,12612285
924,Rhode Island,2008,1055003
925,South Carolina,2008,4528996
926,South Dakota,2008,799124
927,Tennessee,2008,6247411
928,Texas,2008,24309039
929,Utah,2008,2663029
930,Vermont,2008,624151
931,Virginia,2008,7833496
932,Washington,2008,6562231
933,West Virginia,2008,1840310
934,Wisconsin,2008,5640996
935,Wyoming,2008,546043
936,United States,2009,306771529
937,Alabama,2009,4757938
938,Alaska,2009,698895
939,Arizona,2009,6343154
940,Arkansas,2009,2896843
941,California,2009,36961229
942,Colorado,2009,4972195
943,Connecticut,2009,3561807
944,Delaware,2009,891730
945,District of Columbia,2009,592228
946,Florida,2009,18652644
947,Georgia,2009,9620846
948,Hawaii,2009,1346717
949,Idaho,2009,1554439
950,Illinois,2009,12796778
951,Indiana,2009,6459325
952,Iowa,2009,3032870
953,Kansas,2009,2832704
954,Kentucky,2009,4317074
955,Louisiana,2009,4491648
956,Maine,2009,1329590
957,Maryland,2009,5730388
958,Massachusetts,2009,6517613
959,Michigan,2009,9901591
960,Minnesota,2009,5281203
961,Mississippi,2009,2958774
962,Missouri,2009,5961088
963,Montana,2009,983982
964,Nebraska,2009,1812683
965,Nevada,2009,2684665
966,New Hampshire,2009,1316102
967,New Jersey,2009,8755602
968,New Mexico,2009,2036802
969,New York,2009,19307066
970,North Carolina,2009,9449566
971,North Dakota,2009,664968
972,Ohio,2009,11528896
973,Oklahoma,2009,3717572
974,Oregon,2009,3808600
975,Pennsylvania,2009,12666858
976,Rhode Island,2009,1053646
977,South Carolina,2009,4589872
978,South Dakota,2009,807067
979,Tennessee,2009,6306019
980,Texas,2009,24801761
981,Utah,2009,2723421
982,Vermont,2009,624817
983,Virginia,2009,7925937
984,Washington,2009,6667426
985,West Virginia,2009,1847775
986,Wisconsin,2009,5669264
987,Wyoming,2009,559851
988,United States,2010,309327143
989,Alabama,2010,4785514
990,Alaska,2010,713982
991,Arizona,2010,6407342
992,Arkansas,2010,2921998
993,California,2010,37319550
994,Colorado,2010,5047539
995,Connecticut,2010,3579173
996,Delaware,2010,899647
997,District of Columbia,2010,605282
998,Florida,2010,18846143
999,Georgia,2010,9712209
1000,Hawaii,2010,1364004
1001,Idaho,2010,1570819
1002,Illinois,2010,12840545
1003,Indiana,2010,6490555
1004,Iowa,2010,3050819
1005,Kansas,2010,2858266
1006,Kentucky,2010,4348464
1007,Louisiana,2010,4544635
1008,Maine,2010,1327651
1009,Maryland,2010,5788784
1010,Massachusetts,2010,6566440
1011,Michigan,2010,9877597
1012,Minnesota,2010,5310934
1013,Mississippi,2010,2970615
1014,Missouri,2010,5996089
1015,Montana,2010,990730
1016,Nebraska,2010,1829591
1017,Nevada,2010,2702483
1018,New Hampshire,2010,1316807
1019,New Jersey,2010,8799451
1020,New Mexico,2010,2064614
1021,New York,2010,19399956
1022,North Carolina,2010,9574586
1023,North Dakota,2010,674752
1024,Ohio,2010,11539449
1025,Oklahoma,2010,3760014
1026,Oregon,2010,3837614
1027,Pennsylvania,2010,12711406
1028,Rhode Island,2010,1053994
1029,South Carolina,2010,4635846
1030,South Dakota,2010,816193
1031,Tennessee,2010,6355518
1032,Texas,2010,25241897
1033,Utah,2010,2775413
1034,Vermont,2010,625886
1035,Virginia,2010,8024004
1036,Washington,2010,6743009
1037,West Virginia,2010,1854265
1038,Wisconsin,2010,5690538
1039,Wyoming,2010,564531
1040,United States,2011,311583481
1041,Alabama,2011,4799642
1042,Alaska,2011,722349
1043,Arizona,2011,6473416
1044,Arkansas,2011,2941038
1045,California,2011,37636311
1046,Colorado,2011,5121900
1047,Connecticut,2011,3588632
1048,Delaware,2011,907590
1049,District of Columbia,2011,620290
1050,Florida,2011,19055607
1051,Georgia,2011,9803630
1052,Hawaii,2011,1379562
1053,Idaho,2011,1584272
1054,Illinois,2011,12867783
1055,Indiana,2011,6517250
1056,Iowa,2011,3066772
1057,Kansas,2011,2869677
1058,Kentucky,2011,4370817
1059,Louisiana,2011,4576244
1060,Maine,2011,1328473
1061,Maryland,2011,5840241
1062,Massachusetts,2011,6614218
1063,Michigan,2011,9883053
1064,Minnesota,2011,5346620
1065,Mississippi,2011,2979147
1066,Missouri,2011,6011182
1067,Montana,2011,997518
1068,Nebraska,2011,1840914
1069,Nevada,2011,2713114
1070,New Hampshire,2011,1320444
1071,New Jersey,2011,8828552
1072,New Mexico,2011,2080707
1073,New York,2011,19499921
1074,North Carolina,2011,9658913
1075,North Dakota,2011,685526
1076,Ohio,2011,11545735
1077,Oklahoma,2011,3788824
1078,Oregon,2011,3872672
1079,Pennsylvania,2011,12747052
1080,Rhode Island,2011,1053829
1081,South Carolina,2011,4672655
1082,South Dakota,2011,823740
1083,Tennessee,2011,6400298
1084,Texas,2011,25645504
1085,Utah,2011,2814797
1086,Vermont,2011,627197
1087,Virginia,2011,8102437
1088,Washington,2011,6827479
1089,West Virginia,2011,1856606
1090,Wisconsin,2011,5705840
1091,Wyoming,2011,567491
1092,United States,2012,313877662
1093,Alabama,2012,4816632
1094,Alaska,2012,730810
1095,Arizona,2012,6556344
1096,Arkansas,2012,2952876
1097,California,2012,37944551
1098,Colorado,2012,5193660
1099,Connecticut,2012,3595211
1100,Delaware,2012,915518
1101,District of Columbia,2012,635737
1102,Florida,2012,19302016
1103,Georgia,2012,9903580
1104,Hawaii,2012,1395199
1105,Idaho,2012,1595910
1106,Illinois,2012,12883029
1107,Indiana,2012,6538989
1108,Iowa,2012,3076844
1109,Kansas,2012,2886024
1110,Kentucky,2012,4387865
1111,Louisiana,2012,4602067
1112,Maine,2012,1328094
1113,Maryland,2012,5888375
1114,Massachusetts,2012,6664269
1115,Michigan,2012,9898289
1116,Minnesota,2012,5377500
1117,Mississippi,2012,2984599
1118,Missouri,2012,6026027
1119,Montana,2012,1004168
1120,Nebraska,2012,1853691
1121,Nevada,2012,2744670
1122,New Hampshire,2012,1324677
1123,New Jersey,2012,8845671
1124,New Mexico,2012,2087715
1125,New York,2012,19574362
1126,North Carolina,2012,9751810
1127,North Dakota,2012,702227
1128,Ohio,2012,11550971
1129,Oklahoma,2012,3819320
1130,Oregon,2012,3900102
1131,Pennsylvania,2012,12769123
1132,Rhode Island,2012,1054893
1133,South Carolina,2012,4719027
1134,South Dakota,2012,833859
1135,Tennessee,2012,6455752
1136,Texas,2012,26084120
1137,Utah,2012,2854146
1138,Vermont,2012,626361
1139,Virginia,2012,8187456
1140,Washington,2012,6898599
1141,West Virginia,2012,1857446
1142,Wisconsin,2012,5720825
1143,Wyoming,2012,576656
1144,United States,2013,316059947
1145,Alabama,2013,4831586
1146,Alaska,2013,737626
1147,Arizona,2013,6634690
1148,Arkansas,2013,2960459
1149,California,2013,38253768
1150,Colorado,2013,5270774
1151,Connecticut,2013,3595792
1152,Delaware,2013,924062
1153,District of Columbia,2013,651559
1154,Florida,2013,19551678
1155,Georgia,2013,9975592
1156,Hawaii,2013,1408822
1157,Idaho,2013,1612053
1158,Illinois,2013,12895778
1159,Indiana,2013,6570575
1160,Iowa,2013,3093935
1161,Kansas,2013,2894306
1162,Kentucky,2013,4406906
1163,Louisiana,2013,4626040
1164,Maine,2013,1328543
1165,Maryland,2013,5925197
1166,Massachusetts,2013,6715158
1167,Michigan,2013,9914802
1168,Minnesota,2013,5414722
1169,Mississippi,2013,2989839
1170,Missouri,2013,6042989
1171,Montana,2013,1014158
1172,Nebraska,2013,1865813
1173,Nevada,2013,2776956
1174,New Hampshire,2013,1327272
1175,New Jersey,2013,8857821
1176,New Mexico,2013,2092833
1177,New York,2013,19626488
1178,North Carolina,2013,9846717
1179,North Dakota,2013,723149
1180,Ohio,2013,11579692
1181,Oklahoma,2013,3853891
1182,Oregon,2013,3924110
1183,Pennsylvania,2013,12779538
1184,Rhode Island,2013,1055560
1185,South Carolina,2013,4766469
1186,South Dakota,2013,842751
1187,Tennessee,2013,6496943
1188,Texas,2013,26479646
1189,Utah,2013,2898773
1190,Vermont,2013,626603
1191,Virginia,2013,8255861
1192,Washington,2013,6966252
1193,West Virginia,2013,1854768
1194,Wisconsin,2013,5738012
1195,Wyoming,2013,582620
1196,United States,2014,318386329
1197,Alabama,2014,4843737
1198,Alaska,2014,737075
1199,Arizona,2014,6732873
1200,Arkansas,2014,2968759
1201,California,2014,38586706
1202,Colorado,2014,5352637
1203,Connecticut,2014,3595697
1204,Delaware,2014,933131
1205,District of Columbia,2014,663603
1206,Florida,2014,19853880
1207,Georgia,2014,10071204
1208,Hawaii,2014,1415335
1209,Idaho,2014,1632248
1210,Illinois,2014,12885092
1211,Indiana,2014,6596019
1212,Iowa,2014,3110643
1213,Kansas,2014,2901861
1214,Kentucky,2014,4416992
1215,Louisiana,2014,4645938
1216,Maine,2014,1331217
1217,Maryland,2014,5960064
1218,Massachusetts,2014,6764864
1219,Michigan,2014,9932033
1220,Minnesota,2014,5452665
1221,Mississippi,2014,2991892
1222,Missouri,2014,6059130
1223,Montana,2014,1022657
1224,Nebraska,2014,1879955
1225,Nevada,2014,2818935
1226,New Hampshire,2014,1334257
1227,New Jersey,2014,8867277
1228,New Mexico,2014,2090236
1229,New York,2014,19653431
1230,North Carolina,2014,9937295
1231,North Dakota,2014,738736
1232,Ohio,2014,11606573
1233,Oklahoma,2014,3879187
1234,Oregon,2014,3965447
1235,Pennsylvania,2014,12792392
1236,Rhode Island,2014,1056511
1237,South Carolina,2014,4826858
1238,South Dakota,2014,849670
1239,Tennessee,2014,6544617
1240,Texas,2014,26963092
1241,Utah,2014,2938327
1242,Vermont,2014,625693
1243,Virginia,2014,8315430
1244,Washington,2014,7057531
1245,West Virginia,2014,1850569
1246,Wisconsin,2014,5753199
1247,Wyoming,2014,583159
1248,United States,2015,320738994
1249,Alabama,2015,4854803
1250,Alaska,2015,738430
1251,Arizona,2015,6832810
1252,Arkansas,2015,2979732
1253,California,2015,38904296
1254,Colorado,2015,5454328
1255,Connecticut,2015,3588561
1256,Delaware,2015,942065
1257,District of Columbia,2015,677014
1258,Florida,2015,20219111
1259,Georgia,2015,10183353
1260,Hawaii,2015,1422999
1261,Idaho,2015,1652495
1262,Illinois,2015,12859585
1263,Indiana,2015,6611442
1264,Iowa,2015,3122541
1265,Kansas,2015,2910717
1266,Kentucky,2015,4429126
1267,Louisiana,2015,4666998
1268,Maine,2015,1329098
1269,Maryland,2015,5988528
1270,Massachusetts,2015,6797484
1271,Michigan,2015,9934483
1272,Minnesota,2015,5484002
1273,Mississippi,2015,2990231
1274,Missouri,2015,6075411
1275,Montana,2015,1031495
1276,Nebraska,2015,1892059
1277,Nevada,2015,2868531
1278,New Hampshire,2015,1337480
1279,New Jersey,2015,8870312
1280,New Mexico,2015,2090071
1281,New York,2015,19657321
1282,North Carolina,2015,10037218
1283,North Dakota,2015,755537
1284,Ohio,2015,11622315
1285,Oklahoma,2015,3910518
1286,Oregon,2015,4018542
1287,Pennsylvania,2015,12789838
1288,Rhode Island,2015,1056886
1289,South Carolina,2015,4896006
1290,South Dakota,2015,854663
1291,Tennessee,2015,6595354
1292,Texas,2015,27468531
1293,Utah,2015,2983626
1294,Vermont,2015,625810
1295,Virginia,2015,8367303
1296,Washington,2015,7167287
1297,West Virginia,2015,1843332
1298,Wisconsin,2015,5762927
1299,Wyoming,2015,586389
1300,United States,2016,323071755
1301,Alabama,2016,4866824
1302,Alaska,2016,742575
1303,Arizona,2016,6944767
1304,Arkansas,2016,2991815
1305,California,2016,39149186
1306,Colorado,2016,5543844
1307,Connecticut,2016,3579830
1308,Delaware,2016,949989
1309,District of Columbia,2016,687576
1310,Florida,2016,20627237
1311,Georgia,2016,10308442
1312,Hawaii,2016,1428885
1313,Idaho,2016,1684036
1314,Illinois,2016,12821709
1315,Indiana,2016,6637898
1316,Iowa,2016,3133210
1317,Kansas,2016,2912977
1318,Kentucky,2016,4440306
1319,Louisiana,2016,4681346
1320,Maine,2016,1332348
1321,Maryland,2016,6007014
1322,Massachusetts,2016,6827280
1323,Michigan,2016,9954117
1324,Minnesota,2016,5525360
1325,Mississippi,2016,2990595
1326,Missouri,2016,6091384
1327,Montana,2016,1042137
1328,Nebraska,2016,1906483
1329,Nevada,2016,2919555
1330,New Hampshire,2016,1343694
1331,New Jersey,2016,8873584
1332,New Mexico,2016,2092555
1333,New York,2016,19636391
1334,North Carolina,2016,10161802
1335,North Dakota,2016,756114
1336,Ohio,2016,11640060
1337,Oklahoma,2016,3928143
1338,Oregon,2016,4093271
1339,Pennsylvania,2016,12788468
1340,Rhode Island,2016,1057816
1341,South Carolina,2016,4963031
1342,South Dakota,2016,863693
1343,Tennessee,2016,6651277
1344,Texas,2016,27914064
1345,Utah,2016,3044241
1346,Vermont,2016,624366
1347,Virginia,2016,8417651
1348,Washington,2016,7299961
1349,West Virginia,2016,1832435
1350,Wisconsin,2016,5775170
1351,Wyoming,2016,585243
1352,United States,2017,325122128
1353,Alabama,2017,4877989
1354,Alaska,2017,740983
1355,Arizona,2017,7048088
1356,Arkansas,2017,3003855
1357,California,2017,39337785
1358,Colorado,2017,5617421
1359,Connecticut,2017,3575324
1360,Delaware,2017,957942
1361,District of Columbia,2017,697079
1362,Florida,2017,20977089
1363,Georgia,2017,10417031
1364,Hawaii,2017,1425763
1365,Idaho,2017,1719745
1366,Illinois,2017,12779893
1367,Indiana,2017,6662068
1368,Iowa,2017,3143734
1369,Kansas,2017,2910892
1370,Kentucky,2017,4455590
1371,Louisiana,2017,4673673
1372,Maine,2017,1335743
1373,Maryland,2017,6028186
1374,Massachusetts,2017,6863560
1375,Michigan,2017,9976752
1376,Minnesota,2017,5569283
1377,Mississippi,2017,2990674
1378,Missouri,2017,6111382
1379,Montana,2017,1053862
1380,Nebraska,2017,1916998
1381,Nevada,2017,2972097
1382,New Hampshire,2017,1350395
1383,New Jersey,2017,8888147
1384,New Mexico,2017,2092844
1385,New York,2017,19593849
1386,North Carolina,2017,10275758
1387,North Dakota,2017,756755
1388,Ohio,2017,11665706
1389,Oklahoma,2017,3933602
1390,Oregon,2017,4147294
1391,Pennsylvania,2017,12794679
1392,Rhode Island,2017,1056554
1393,South Carolina,2017,5027102
1394,South Dakota,2017,873732
1395,Tennessee,2017,6714748
1396,Texas,2017,28291024
1397,Utah,2017,3103540
1398,Vermont,2017,625132
1399,Virginia,2017,8471011
1400,Washington,2017,7427951
1401,West Virginia,2017,1818683
1402,Wisconsin,2017,5793147
1403,Wyoming,2017,579994
1404,United States,2018,326838199
1405,Alabama,2018,4891628
1406,Alaska,2018,736624
1407,Arizona,2018,7164228
1408,Arkansas,2018,3012161
1409,California,2018,39437463
1410,Colorado,2018,5697155
1411,Connecticut,2018,3574561
1412,Delaware,2018,966985
1413,District of Columbia,2018,704147
1414,Florida,2018,21254926
1415,Georgia,2018,10519389
1416,Hawaii,2018,1423102
1417,Idaho,2018,1752074
1418,Illinois,2018,12724685
1419,Indiana,2018,6698481
1420,Iowa,2018,3149900
1421,Kansas,2018,2912748
1422,Kentucky,2018,4464273
1423,Louisiana,2018,4664450
1424,Maine,2018,1340123
1425,Maryland,2018,6042153
1426,Massachusetts,2018,6885720
1427,Michigan,2018,9987286
1428,Minnesota,2018,5608762
1429,Mississippi,2018,2982879
1430,Missouri,2018,6125986
1431,Montana,2018,1061818
1432,Nebraska,2018,1925512
1433,Nevada,2018,3030725
1434,New Hampshire,2018,1355064
1435,New Jersey,2018,8891730
1436,New Mexico,2018,2093754
1437,New York,2018,19544098
1438,North Carolina,2018,10391358
1439,North Dakota,2018,760062
1440,Ohio,2018,11680892
1441,Oklahoma,2018,3943488
1442,Oregon,2018,4183538
1443,Pennsylvania,2018,12809107
1444,Rhode Island,2018,1059338
1445,South Carolina,2018,5091702
1446,South Dakota,2018,879386
1447,Tennessee,2018,6778180
1448,Texas,2018,28624564
1449,Utah,2018,3155153
1450,Vermont,2018,624802
1451,Virginia,2018,8510920
1452,Washington,2018,7526793
1453,West Virginia,2018,1805953
1454,Wisconsin,2018,5809319
1455,Wyoming,2018,579054
1456,United States,2019,328329953
1457,Alabama,2019,4907965
1458,Alaska,2019,733603
1459,Arizona,2019,7291843
1460,Arkansas,2019,3020985
1461,California,2019,39437610
1462,Colorado,2019,5758486
1463,Connecticut,2019,3566022
1464,Delaware,2019,976668
1465,District of Columbia,2019,708253
1466,Florida,2019,21492056
1467,Georgia,2019,10628020
1468,Hawaii,2019,1415615
1469,Idaho,2019,1789060
1470,Illinois,2019,12667017
1471,Indiana,2019,6731010
1472,Iowa,2019,3159596
1473,Kansas,2019,2912635
1474,Kentucky,2019,4472345
1475,Louisiana,2019,4658285
1476,Maine,2019,1345770
1477,Maryland,2019,6054954
1478,Massachusetts,2019,6894883
1479,Michigan,2019,9984795
1480,Minnesota,2019,5640053
1481,Mississippi,2019,2978227
1482,Missouri,2019,6140475
1483,Montana,2019,1070123
1484,Nebraska,2019,1932571
1485,Nevada,2019,3090771
1486,New Hampshire,2019,1360783
1487,New Jersey,2019,8891258
1488,New Mexico,2019,2099634
1489,New York,2019,19463131
1490,North Carolina,2019,10501384
1491,North Dakota,2019,763724
1492,Ohio,2019,11696507
1493,Oklahoma,2019,3960676
1494,Oregon,2019,4216116
1495,Pennsylvania,2019,12798883
1496,Rhode Island,2019,1058158
1497,South Carolina,2019,5157702
1498,South Dakota,2019,887127
1499,Tennessee,2019,6830325
1500,Texas,2019,28986794
1501,Utah,2019,3203383
1502,Vermont,2019,624046
1503,Virginia,2019,8556642
1504,Washington,2019,7614024
1505,West Virginia,2019,1795263
1506,Wisconsin,2019,5824581
1507,Wyoming,2019,580116
1508,United States,2020,331501080
1509,Alabama,2020,5024803
1510,Alaska,2020,732441
1511,Arizona,2020,7177986
1512,Arkansas,2020,3012232
1513,California,2020,39499738
1514,Colorado,2020,5784308
1515,Connecticut,2020,3600260
1516,Delaware,2020,991886
1517,District of Columbia,2020,690093
1518,Florida,2020,21569932
1519,Georgia,2020,10725800
1520,Hawaii,2020,1451911
1521,Idaho,2020,1847772
1522,Illinois,2020,12785245
1523,Indiana,2020,6785644
1524,Iowa,2020,3188669
1525,Kansas,2020,2935880
1526,Kentucky,2020,4503958
1527,Louisiana,2020,4651203
1528,Maine,2020,1362280
1529,Maryland,2020,6172679
1530,Massachusetts,2020,7022220
1531,Michigan,2020,10067664
1532,Minnesota,2020,5707165
1533,Mississippi,2020,2956870
1534,Missouri,2020,6154481
1535,Montana,2020,1086193
1536,Nebraska,2020,1961455
1537,Nevada,2020,3114071
1538,New Hampshire,2020,1377848
1539,New Jersey,2020,9279743
1540,New Mexico,2020,2117566
1541,New York,2020,20154933
1542,North Carolina,2020,10457177
1543,North Dakota,2020,778962
1544,Ohio,2020,11790587
1545,Oklahoma,2020,3962031
1546,Oregon,2020,4241544
1547,Pennsylvania,2020,12989625
1548,Rhode Island,2020,1096229
1549,South Carolina,2020,5130729
1550,South Dakota,2020,887099
1551,Tennessee,2020,6920119
1552,Texas,2020,29217653
1553,Utah,2020,3281684
1554,Vermont,2020,642495
1555,Virginia,2020,8632044
1556,Washington,2020,7718785
1557,West Virginia,2020,1789798
1558,Wisconsin,2020,5892323
1559,Wyoming,2020,577267
